date,festival
2019-01-01,
2019-01-02,
2019-01-03,
2019-01-04,
2019-01-05,
2019-01-06,
2019-01-07,
2019-01-08,
2019-01-09,
2019-01-10,
2019-01-11,
2019-01-12,
2019-01-13,
2019-01-14,Bhogi
2019-01-15,Makara Sankranti
2019-01-16,Kinkarant
2019-01-17,
2019-01-18,
2019-01-19,
2019-01-20,
2019-01-21,
2019-01-22,
2019-01-23,
2019-01-24,
2019-01-25,
2019-01-26,Republic Day
2019-01-27,
2019-01-28,
2019-01-29,
2019-01-30,
2019-01-31,
2019-02-01,
2019-02-02,
2019-02-03,
2019-02-04,
2019-02-05,
2019-02-06,
2019-02-07,
2019-02-08,Ganesha Jayanti
2019-02-09,
2019-02-10,
2019-02-11,
2019-02-12,Rathsaptmi
2019-02-13,
2019-02-14,
2019-02-15,
2019-02-16,
2019-02-17,
2019-02-18,
2019-02-19,Shivaji Jayanti
2019-02-20,
2019-02-21,
2019-02-22,
2019-02-23,
2019-02-24,
2019-02-25,
2019-02-26,
2019-02-27,
2019-02-28,
2019-03-01,
2019-03-02,
2019-03-03,
2019-03-04,Maha Shivaratri
2019-03-05,
2019-03-06,
2019-03-07,
2019-03-08,Womens day
2019-03-09,
2019-03-10,
2019-03-11,
2019-03-12,
2019-03-13,
2019-03-14,
2019-03-15,
2019-03-16,
2019-03-17,
2019-03-18,
2019-03-19,
2019-03-20,Holi (Purnima)
2019-03-21,Dhulivandan
2019-03-22,
2019-03-23,
2019-03-24,
2019-03-25,Ranga Panchami
2019-03-26,
2019-03-27,
2019-03-28,
2019-03-29,
2019-03-30,
2019-03-31,
2019-04-01,
2019-04-02,
2019-04-03,
2019-04-04,
2019-04-05,
2019-04-06,Gudi Padwa
2019-04-07,
2019-04-08,
2019-04-09,
2019-04-10,
2019-04-11,
2019-04-12,
2019-04-13,Rama Navami 
2019-04-14,
2019-04-15,
2019-04-16,
2019-04-17,
2019-04-18,
2019-04-19,Hanuman Jayanti
2019-04-20,
2019-04-21,
2019-04-22,
2019-04-23,
2019-04-24,
2019-04-25,
2019-04-26,
2019-04-27,
2019-04-28,
2019-04-29,
2019-04-30,
2019-05-01,Maharastra din
2019-05-02,
2019-05-03,
2019-05-04,
2019-05-05,
2019-05-06,
2019-05-07,Akshaya Tritiya
2019-05-08,
2019-05-09,
2019-05-10,
2019-05-11,
2019-05-12,
2019-05-13,
2019-05-14,
2019-05-15,
2019-05-16,
2019-05-17,
2019-05-18,
2019-05-19,
2019-05-20,
2019-05-21,
2019-05-22,
2019-05-23,
2019-05-24,
2019-05-25,
2019-05-26,
2019-05-27,
2019-05-28,
2019-05-29,
2019-05-30,
2019-05-31,
2019-06-01,
2019-06-02,
2019-06-03,
2019-06-04,
2019-06-05,Eid
2019-06-06,
2019-06-07,
2019-06-08,
2019-06-09,
2019-06-10,
2019-06-11,
2019-06-12,
2019-06-13,
2019-06-14,
2019-06-15,
2019-06-16,Vat Purnima
2019-06-17,
2019-06-18,
2019-06-19,
2019-06-20,
2019-06-21,
2019-06-22,
2019-06-23,
2019-06-24,
2019-06-25,
2019-06-26,
2019-06-27,
2019-06-28,
2019-06-29,
2019-06-30,
2019-07-01,
2019-07-02,
2019-07-03,
2019-07-04,
2019-07-05,
2019-07-06,
2019-07-07,
2019-07-08,
2019-07-09,
2019-07-10,
2019-07-11,
2019-07-12,Ashadi Ekadashi
2019-07-13,
2019-07-14,
2019-07-15,Bendur
2019-07-16,Guru Purnima
2019-07-17,
2019-07-18,
2019-07-19,
2019-07-20,
2019-07-21,
2019-07-22,
2019-07-23,
2019-07-24,
2019-07-25,
2019-07-26,
2019-07-27,
2019-07-28,
2019-07-29,
2019-07-30,
2019-07-31,
2019-08-01,
2019-08-02,
2019-08-03,
2019-08-04,
2019-08-05,Nag Panchami / Shravani somwar
2019-08-06,
2019-08-07,
2019-08-08,
2019-08-09,
2019-08-10,
2019-08-11,
2019-08-12,Shravani somwar /eid
2019-08-13,
2019-08-14,
2019-08-15,Raksha Bandhan/ Independence Day
2019-08-16,
2019-08-17,
2019-08-18,
2019-08-19,Shravani somwar
2019-08-20,
2019-08-21,
2019-08-22,
2019-08-23,Krishna Janmashtimi
2019-08-24,Krishna Janmashtimi
2019-08-25,
2019-08-26,Shravani somwar
2019-08-27,
2019-08-28,
2019-08-29,
2019-08-30,pola
2019-08-31,
2019-09-01,Hartalika
2019-09-02,Ganesh Chaturthi
2019-09-03,Ganesh Chaturthi
2019-09-04,Ganesh Chaturthi
2019-09-05,Ganesh Chaturthi
2019-09-06,Ganesh Chaturthi
2019-09-07,Gauri Visarjan
2019-09-08,
2019-09-09,
2019-09-10,Muharram
2019-09-11,
2019-09-12,Aanat chaturdashi
2019-09-13,
2019-09-14,
2019-09-15,
2019-09-16,
2019-09-17,Anagarki Snkashti
2019-09-18,
2019-09-19,
2019-09-20,
2019-09-21,
2019-09-22,
2019-09-23,
2019-09-24,
2019-09-25,
2019-09-26,
2019-09-27,
2019-09-28,
2019-09-29,Navratri
2019-09-30,Navratri
2019-10-01,Navratri
2019-10-02,Navratri
2019-10-03,Navratri
2019-10-04,Navratri
2019-10-05,Navratri
2019-10-06,Navratri
2019-10-07,Navratri
2019-10-08, Dasra
2019-10-09,
2019-10-10,
2019-10-11,
2019-10-12,
2019-10-13,Kojagiri Purnima
2019-10-14,
2019-10-15,
2019-10-16,
2019-10-17,
2019-10-18,
2019-10-19,
2019-10-20,
2019-10-21,
2019-10-22,
2019-10-23,
2019-10-24,Vasubaras
2019-10-25,
2019-10-26,
2019-10-27,Lakshmi Puja/ Diwali
2019-10-28,Padva
2019-10-29,Bhau Beej
2019-10-30,
2019-10-31,
2019-11-01,
2019-11-02,
2019-11-03,
2019-11-04,
2019-11-05,
2019-11-06,
2019-11-07,
2019-11-08,
2019-11-09,Tulsi Vivah
2019-11-10,Eid
2019-11-11,
2019-11-12,
2019-11-13,
2019-11-14,
2019-11-15,
2019-11-16,
2019-11-17,
2019-11-18,
2019-11-19,
2019-11-20,
2019-11-21,
2019-11-22,Kartiki ekadashi
2019-11-23,Kartiki ekadashi
2019-11-24,
2019-11-25,
2019-11-26,
2019-11-27,
2019-11-28,
2019-11-29,
2019-11-30,
2019-12-01,
2019-12-02,
2019-12-03,
2019-12-04,
2019-12-05,
2019-12-06,
2019-12-07,
2019-12-08,
2019-12-09,
2019-12-10,
2019-12-11,Datta jayanti
2019-12-12,
2019-12-13,
2019-12-14,
2019-12-15,
2019-12-16,
2019-12-17,
2019-12-18,
2019-12-19,
2019-12-20,
2019-12-21,
2019-12-22,
2019-12-23,
2019-12-24,
2019-12-25,Christmas
2019-12-26,
2019-12-27,
2019-12-28,
2019-12-29,
2019-12-30,
2019-12-31,New Year
2020-01-01,
2020-01-02,
2020-01-03,
2020-01-04,
2020-01-05,
2020-01-06,
2020-01-07,
2020-01-08,
2020-01-09,
2020-01-10,
2020-01-11,
2020-01-12,
2020-01-13,
2020-01-14,Bhogi
2020-01-15,Makara Sankranti
2020-01-16,Kinkarant
2020-01-17,
2020-01-18,
2020-01-19,
2020-01-20,
2020-01-21,
2020-01-22,
2020-01-23,
2020-01-24,
2020-01-25,
2020-01-26,Republic Day
2020-01-27,
2020-01-28,Ganesha Jayanti
2020-01-29,
2020-01-30,
2020-01-31,
2020-02-01,Rathsaptmi
2020-02-02,
2020-02-03,
2020-02-04,
2020-02-05,
2020-02-06,
2020-02-07,
2020-02-08,
2020-02-09,
2020-02-10,
2020-02-11,
2020-02-12,
2020-02-13,
2020-02-14,
2020-02-15,
2020-02-16,
2020-02-17,
2020-02-18,
2020-02-19,Shivaji Jayanti
2020-02-20,
2020-02-21,Maha Shivaratri
2020-02-22,
2020-02-23,
2020-02-24,
2020-02-25,
2020-02-26,
2020-02-27,
2020-02-28,
2020-02-29,
2020-03-01,
2020-03-02,
2020-03-03,
2020-03-04,
2020-03-05,
2020-03-06,
2020-03-07,
2020-03-08,Womens day
2020-03-09,Holi (Purnima)
2020-03-10,Dhulivandan
2020-03-11,
2020-03-12,
2020-03-13,Ranga Panchami
2020-03-14,
2020-03-15,
2020-03-16,
2020-03-17,
2020-03-18,
2020-03-19,
2020-03-20,
2020-03-21,
2020-03-22,
2020-03-23,
2020-03-24,
2020-03-25,Gudi Padwa
2020-03-26,
2020-03-27,
2020-03-28,
2020-03-29,
2020-03-30,
2020-03-31,
2020-04-01,
2020-04-02,Rama Navami (Smarta)
2020-04-03,
2020-04-04,
2020-04-05,
2020-04-06,
2020-04-07,
2020-04-08,Hanuman Jayanti
2020-04-09,
2020-04-10,
2020-04-11,
2020-04-12,
2020-04-13,
2020-04-14,
2020-04-15,
2020-04-16,
2020-04-17,
2020-04-18,
2020-04-19,
2020-04-20,
2020-04-21,
2020-04-22,
2020-04-23,
2020-04-24,
2020-04-25,
2020-04-26,Akshaya Tritiya
2020-04-27,
2020-04-28,
2020-04-29,
2020-04-30,
2020-05-01,Maharastra din
2020-05-02,
2020-05-03,
2020-05-04,
2020-05-05,
2020-05-06,
2020-05-07,
2020-05-08,
2020-05-09,
2020-05-10,
2020-05-11,
2020-05-12,
2020-05-13,
2020-05-14,
2020-05-15,
2020-05-16,
2020-05-17,
2020-05-18,
2020-05-19,
2020-05-20,
2020-05-21,
2020-05-22,
2020-05-23,
2020-05-24,
2020-05-25,Eid 
2020-05-26,
2020-05-27,
2020-05-28,
2020-05-29,
2020-05-30,
2020-05-31,
2020-06-01,
2020-06-02,
2020-06-03,
2020-06-04,
2020-06-05,Vat Purnima Vrat
2020-06-06,
2020-06-07,
2020-06-08,
2020-06-09,
2020-06-10,
2020-06-11,
2020-06-12,
2020-06-13,
2020-06-14,
2020-06-15,
2020-06-16,
2020-06-17,
2020-06-18,
2020-06-19,
2020-06-20,
2020-06-21,
2020-06-22,
2020-06-23,
2020-06-24,
2020-06-25,
2020-06-26,
2020-06-27,
2020-06-28,
2020-06-29,
2020-07-01,Ashadi Ekadashi
2020-07-02,
2020-07-03,
2020-07-04,Bendur
2020-07-05,Guru Purnima
2020-07-06,
2020-07-07,
2020-07-08,
2020-07-09,
2020-07-10,
2020-07-11,
2020-07-12,
2020-07-13,
2020-07-14,
2020-07-15,
2020-07-16,
2020-07-17,
2020-07-18,
2020-07-19,
2020-07-20,
2020-07-21,
2020-07-22,
2020-07-23,
2020-07-24,
2020-07-25,Nag Panchmi
2020-07-26,
2020-07-27,Shravani somwar
2020-07-28,
2020-07-29,
2020-07-30,
2020-07-31,
2020-08-01,Eid 
2020-08-02,
2020-08-03,Raksha Bandhan /Shrawani somwar
2020-08-04,
2020-08-05,
2020-08-06,
2020-08-07,
2020-08-08,
2020-08-09,
2020-08-10,Shravani somwar
2020-08-11,Krishna Janmashtimi
2020-08-12,Krishna Janmashtimi
2020-08-13,
2020-08-14,
2020-08-15,Independence Day
2020-08-16,
2020-08-17,Shravani somwar
2020-08-18,
2020-08-19,Pola
2020-08-20,
2020-08-21,Hartalika
2020-08-22,Ganesh Chaturthi
2020-08-23,Ganesh Chaturthi
2020-08-24,Ganesh Chaturthi
2020-08-25,Ganesh Chaturthi
2020-08-26,Ganesh Chaturthi
2020-08-27,Gauri Visarjan
2020-08-28,
2020-08-29,
2020-08-30,
2020-08-31,
2020-09-01,Aanat chaturdashi
2020-09-02,
2020-09-03,
2020-09-04,
2020-09-05,
2020-09-06,
2020-09-07,
2020-09-08,
2020-09-09,
2020-09-10,
2020-09-11,
2020-09-12,
2020-09-13,
2020-09-14,
2020-09-15,
2020-09-16,
2020-09-17,Navratri
2020-09-18,Navratri
2020-09-19,Navratri
2020-09-20,Navratri
2020-09-21,Navratri
2020-09-22,Navratri
2020-09-23,Navratri
2020-09-24,Navratri
2020-09-25, Dasra
2020-09-26,
2020-09-27,
2020-09-28,
2020-09-29,
2020-09-30,
2020-10-01,
2020-10-02,
2020-10-03,
2020-10-04,
2020-10-05,
2020-10-06,
2020-10-07,
2020-10-08,
2020-10-09,
2020-10-10,
2020-10-11,
2020-10-12,
2020-10-13,
2020-10-14,
2020-10-15,
2020-10-16,
2020-10-17,
2020-10-18,
2020-10-19,
2020-10-20,
2020-10-21,
2020-10-22,
2020-10-23,
2020-10-24,
2020-10-25,
2020-10-26,
2020-10-27,
2020-10-28,
2020-10-29,
2020-10-30,Kojagiri Purnima / Eid
2020-10-31,
2020-11-01,
2020-11-02,
2020-11-03,
2020-11-04,
2020-11-05,
2020-11-06,
2020-11-07,
2020-11-08,
2020-11-09,
2020-11-10,
2020-11-11,Vasubaras
2020-11-12,
2020-11-13,
2020-11-14,Lakshmi Puja/Diwali
2020-11-15,
2020-11-16,Bhau Beej /Padva
2020-11-17,
2020-11-18,
2020-11-19,
2020-11-20,
2020-11-21,
2020-11-22,
2020-11-23,
2020-11-24,
2020-11-25,Kartiki ekadashi
2020-11-26,Tulsi Vivah/ kartiti ekadashi
2020-11-27,
2020-11-28,
2020-11-29,
2020-11-30,
2020-12-01,
2020-12-02,
2020-12-03,
2020-12-04,
2020-12-05,
2020-12-06,
2020-12-07,
2020-12-08,
2020-12-09,
2020-12-10,
2020-12-11,
2020-12-12,
2020-12-13,
2020-12-14,
2020-12-15,
2020-12-16,
2020-12-17,
2020-12-18,
2020-12-19,
2020-12-20,
2020-12-21,
2020-12-22,
2020-12-23,
2020-12-24,
2020-12-25,Christmas
2020-12-26,
2020-12-27,
2020-12-28,
2020-12-29,Datta jayanti
2020-12-30,
2020-12-31,New Year
2021-01-01,
2021-01-02,
2021-01-03,
2021-01-04,
2021-01-05,
2021-01-06,
2021-01-07,
2021-01-08,
2021-01-09,
2021-01-10,
2021-01-11,
2021-01-12,
2021-01-13,Bhogi
2021-01-14,Makara Sankranti
2021-01-15,Kinkarant
2021-01-16,
2021-01-17,
2021-01-18,
2021-01-19,
2021-01-20,
2021-01-21,
2021-01-22,
2021-01-23,
2021-01-24,
2021-01-25,
2021-01-26,Republic Day
2021-01-27,
2021-01-28,
2021-01-29,
2021-01-30,
2021-01-31,
2021-02-01,
2021-02-02,
2021-02-03,
2021-02-04,
2021-02-05,
2021-02-06,
2021-02-07,
2021-02-08,
2021-02-09,
2021-02-10,
2021-02-11,
2021-02-12,
2021-02-13,
2021-02-14,
2021-02-15,Ganesha Jayanti
2021-02-16,
2021-02-17,
2021-02-18,
2021-02-19,Shivaji Jayanti
2021-02-20,
2021-02-21,
2021-02-22,
2021-02-23,
2021-02-24,
2021-02-25,
2021-02-26,
2021-02-27,
2021-02-28,
2021-03-01,
2021-03-02,Anagarki Snkashti
2021-03-03,
2021-03-04,
2021-03-05,
2021-03-06,
2021-03-07,
2021-03-08,Womens day
2021-03-09,
2021-03-10,
2021-03-11,Maha Shivaratri
2021-03-12,
2021-03-13,
2021-03-14,
2021-03-15,
2021-03-16,
2021-03-17,
2021-03-18,
2021-03-19,
2021-03-20,
2021-03-21,
2021-03-22,
2021-03-23,
2021-03-24,
2021-03-25,
2021-03-26,
2021-03-27,Holi (Purnima)
2021-03-28,
2021-03-29,Dhulivandan
2021-03-30,
2021-03-31,
2021-04-01,
2021-04-02,Ranga Panchami
2021-04-03,
2021-04-04,
2021-04-05,
2021-04-06,
2021-04-07,
2021-04-08,
2021-04-09,
2021-04-10,
2021-04-11,
2021-04-12,
2021-04-13,Gudi Padwa
2021-04-14,
2021-04-15,
2021-04-16,
2021-04-17,
2021-04-18,
2021-04-19,
2021-04-20,
2021-04-21,Rama Navami 
2021-04-22,
2021-04-23,
2021-04-24,
2021-04-25,
2021-04-26,
2021-04-27,Hanuman Jayanti
2021-04-28,
2021-04-29,
2021-04-30,
2021-05-01,Maharastra din
2021-05-02,
2021-05-03,
2021-05-04,
2021-05-05,
2021-05-06,
2021-05-07,
2021-05-08,
2021-05-09,
2021-05-10,
2021-05-11,
2021-05-12,
2021-05-13,
2021-05-14,Akshaya Tritiya
2021-05-15,
2021-05-16,
2021-05-17,
2021-05-18,
2021-05-19,
2021-05-20,
2021-05-21,
2021-05-22,
2021-05-23,
2021-05-24,
2021-05-25,
2021-05-26,
2021-05-27,
2021-05-28,
2021-05-29,
2021-05-30,
2021-05-31,
2021-06-01,
2021-06-02,
2021-06-03,
2021-06-04,
2021-06-05,
2021-06-06,
2021-06-07,
2021-06-08,
2021-06-09,
2021-06-10,
2021-06-11,
2021-06-12,
2021-06-13,
2021-06-14,
2021-06-15,
2021-06-16,
2021-06-17,
2021-06-18,
2021-06-19,
2021-06-20,
2021-06-21,
2021-06-22,
2021-06-23,
2021-06-24,Vat Purnima
2021-06-25,
2021-06-26,
2021-06-27,
2021-06-28,
2021-06-29,
2021-06-30,
2021-07-01,
2021-07-02,
2021-07-03,
2021-07-04,
2021-07-05,
2021-07-06,
2021-07-07,
2021-07-08,
2021-07-09,
2021-07-10,
2021-07-11,
2021-07-12,
2021-07-13,
2021-07-14,
2021-07-15,
2021-07-16,
2021-07-17,
2021-07-18,
2021-07-19,
2021-07-20,Ashadi Ekadashi
2021-07-21,Eid
2021-07-22,Bendur
2021-07-23,
2021-07-24,
2021-07-25,
2021-07-26,
2021-07-27,Anagarki Snkashti
2021-07-28,
2021-07-29,
2021-07-30,
2021-07-31,
2021-08-01,
2021-08-02,
2021-08-03,
2021-08-04,
2021-08-05,
2021-08-06,
2021-08-07,
2021-08-08,
2021-08-09,Shravani somwar
2021-08-10,
2021-08-11,
2021-08-12,
2021-08-13,Nag Panchami
2021-08-14,
2021-08-15,Independence Day
2021-08-16,Shravani somwar
2021-08-17,
2021-08-18,
2021-08-19,
2021-08-20,
2021-08-21,
2021-08-22,Raksha Bandhan
2021-08-23,Shravani somwar
2021-08-24,
2021-08-25,
2021-08-26,
2021-08-27,
2021-08-28,
2021-08-29,
2021-08-30,Shravani somwar / Krishna Janmashtimi
2021-08-31,Krishna Janmashtimi
2021-09-01,
2021-09-02,
2021-09-03,
2021-09-04,
2021-09-05,
2021-09-06,
2021-09-07,
2021-09-08,
2021-09-09,Hartalika
2021-09-10,Ganesh Chaturthi
2021-09-11,Ganesh Chaturthi
2021-09-12,Ganesh Chaturthi
2021-09-13,Ganesh Chaturthi
2021-09-14,Gauri Visarjan
2021-09-15,
2021-09-16,
2021-09-17,
2021-09-18,
2021-09-19,Aanat chaturdashi
2021-09-20,
2021-09-21,
2021-09-22,
2021-09-23,
2021-09-24,
2021-09-25,
2021-09-26,
2021-09-27,
2021-09-28,
2021-09-29,
2021-09-30,
2021-10-01,
2021-10-02,
2021-10-03,
2021-10-04,
2021-10-05,
2021-10-06,
2021-10-07,Navratri
2021-10-08,Navratri
2021-10-09,Navratri
2021-10-10,Navratri
2021-10-11,Navratri
2021-10-12,Navratri
2021-10-13,Navratri
2021-10-14,Navratri
2021-10-15, Dasra
2021-10-16,
2021-10-17,
2021-10-18,
2021-10-19,eid
2021-10-20,Kojagiri Purnima
2021-10-21,
2021-10-22,
2021-10-23,
2021-10-24,
2021-10-25,
2021-10-26,
2021-10-27,
2021-10-28,
2021-10-29,
2021-10-30,
2021-10-31,
2021-11-01,Vasubaras
2021-11-02,
2021-11-03,
2021-11-04,Lakshmi Puja/ Diwali
2021-11-05,Padva
2021-11-06,Bhau Beej
2021-11-07,
2021-11-08,
2021-11-09,
2021-11-10,
2021-11-11,
2021-11-12,
2021-11-13,
2021-11-14,
2021-11-15,Kartiki ekadashi / Tulsi Vivah
2021-11-16,
2021-11-17,
2021-11-18,
2021-11-19,
2021-11-20,
2021-11-21,
2021-11-22,
2021-11-23,Anagarki Snkashti
2021-11-24,
2021-11-25,
2021-11-26,
2021-11-27,
2021-11-28,
2021-11-29,
2021-11-30,
2021-12-01,
2021-12-02,
2021-12-03,
2021-12-04,
2021-12-05,
2021-12-06,
2021-12-07,
2021-12-08,
2021-12-09,
2021-12-10,
2021-12-11,
2021-12-12,
2021-12-13,
2021-12-14,
2021-12-15,
2021-12-16,
2021-12-17,
2021-12-18,Datta jayanti
2021-12-19,
2021-12-20,
2021-12-21,
2021-12-22,
2021-12-23,
2021-12-24,
2021-12-25,Christmas
2021-12-26,
2021-12-27,
2021-12-28,
2021-12-29,
2021-12-30,
2021-12-31,New Year
2022-01-01,
2022-01-02,
2022-01-03,
2022-01-04,
2022-01-05,
2022-01-06,
2022-01-07,
2022-01-08,
2022-01-09,
2022-01-10,
2022-01-11,
2022-01-12,
2022-01-13,Bhogi
2022-01-14,Makara Sankranti
2022-01-15,Kinkarant
2022-01-16,
2022-01-17,
2022-01-18,
2022-01-19,
2022-01-20,
2022-01-21,
2022-01-22,
2022-01-23,
2022-01-24,
2022-01-25,
2022-01-26,Republic Day
2022-01-27,
2022-01-28,
2022-01-29,
2022-01-30,
2022-01-31,
2022-02-01,
2022-02-02,
2022-02-03,
2022-02-04,Ganesha Jayanti
2022-02-05,
2022-02-06,
2022-02-07,Rathsaptami
2022-02-08,
2022-02-09,
2022-02-10,
2022-02-11,
2022-02-12,
2022-02-13,
2022-02-14,
2022-02-15,
2022-02-16,
2022-02-17,
2022-02-18,
2022-02-19,Shivaji Jayanti
2022-02-20,
2022-02-21,
2022-02-22,
2022-02-23,
2022-02-24,
2022-02-25,
2022-02-26,
2022-02-27,
2022-02-28,
2022-03-01,Maha Shivaratri
2022-03-02,
2022-03-03,
2022-03-04,
2022-03-05,
2022-03-06,
2022-03-07,
2022-03-08,Womens day
2022-03-09,
2022-03-10,
2022-03-11,
2022-03-12,
2022-03-13,
2022-03-14,
2022-03-15,
2022-03-16,
2022-03-17,Holi (Purnima)
2022-03-18,Dhulivandan
2022-03-19,
2022-03-20,
2022-03-21,
2022-03-22,Ranga Panchami
2022-03-23,
2022-03-24,
2022-03-25,
2022-03-26,
2022-03-27,
2022-03-28,
2022-03-29,
2022-03-30,
2022-03-31,
2022-04-01,
2022-04-02,Gudi Padwa
2022-04-03,
2022-04-04,
2022-04-05,
2022-04-06,
2022-04-07,
2022-04-08,
2022-04-09,
2022-04-10,Rama Navami 
2022-04-11,
2022-04-12,
2022-04-13,
2022-04-14,
2022-04-15,
2022-04-16,Hanuman Jayanti
2022-04-17,
2022-04-18,
2022-04-19,
2022-04-20,
2022-04-21,
2022-04-22,
2022-04-23,
2022-04-24,
2022-04-25,
2022-04-26,
2022-04-27,
2022-04-28,
2022-04-29,
2022-04-30,
2022-05-01,Maharastra din
2022-05-02,
2022-05-03,Akshaya Tritiya / eid
2022-05-04,
2022-05-05,
2022-05-06,
2022-05-07,
2022-05-08,
2022-05-09,
2022-05-10,
2022-05-11,
2022-05-12,
2022-05-13,
2022-05-14,
2022-05-15,
2022-05-16,
2022-05-17,
2022-05-18,
2022-05-19,
2022-05-20,
2022-05-21,
2022-05-22,
2022-05-23,
2022-05-24,
2022-05-25,
2022-05-26,
2022-05-27,
2022-05-28,
2022-05-29,
2022-05-30,
2022-05-31,
2022-06-01,
2022-06-02,
2022-06-03,
2022-06-04,
2022-06-05,
2022-06-06,
2022-06-07,
2022-06-08,
2022-06-09,
2022-06-10,
2022-06-11,
2022-06-12,
2022-06-13,
2022-06-14,Vat Purnima
2022-06-15,
2022-06-16,
2022-06-17,
2022-06-18,
2022-06-19,
2022-06-20,
2022-06-21,
2022-06-22,
2022-06-23,
2022-06-24,
2022-06-25,
2022-06-26,
2022-06-27,
2022-06-28,
2022-06-29,
2022-06-30,
2022-07-01,
2022-07-02,
2022-07-03,
2022-07-04,
2022-07-05,
2022-07-06,
2022-07-07,
2022-07-08,
2022-07-09,
2022-07-10,Ashadi Ekadashi
2022-07-11,
2022-07-12,Bendur
2022-07-13,Guru Purnima
2022-07-14,
2022-07-15,
2022-07-16,
2022-07-17,
2022-07-18,
2022-07-19,
2022-07-20,
2022-07-21,
2022-07-22,
2022-07-23,
2022-07-24,
2022-07-25,
2022-07-26,
2022-07-27,
2022-07-28,
2022-07-29,
2022-07-30,
2022-07-31,
2022-08-01,Shravani somwar
2022-08-02,Nag Panchami
2022-08-03,
2022-08-04,
2022-08-05,
2022-08-06,
2022-08-07,
2022-08-08,Shravani somwar
2022-08-09,
2022-08-10,
2022-08-11,Raksha Bandhan
2022-08-12,
2022-08-13,
2022-08-14,
2022-08-15,Shravani somwar / Independence Day
2022-08-16,
2022-08-17,
2022-08-18,Krishna Janmashtimi
2022-08-19,Krishna Janmashtimi
2022-08-20,
2022-08-21,
2022-08-22,Shravani somwar
2022-08-23,
2022-08-24,
2022-08-25,
2022-08-26,
2022-08-27,
2022-08-28,
2022-08-29,
2022-08-30,Hartalika
2022-08-31,Ganesh Chaturthi
2022-09-01,Ganesh Chaturthi
2022-09-02,Ganesh Chaturthi
2022-09-03,Ganesh Chaturthi
2022-09-04,Ganesh Chaturthi
2022-09-05,Gauri Visarjan
2022-09-06,
2022-09-07,
2022-09-08,
2022-09-09,Aanat chaturdashi
2022-09-10,
2022-09-11,
2022-09-12,
2022-09-13,Anagarki Snkashti
2022-09-14,
2022-09-15,
2022-09-16,
2022-09-17,
2022-09-18,
2022-09-19,
2022-09-20,
2022-09-21,
2022-09-22,
2022-09-23,
2022-09-24,
2022-09-25,
2022-09-26,Navratri
2022-09-27,Navratri
2022-09-28,Navratri
2022-09-29,Navratri
2022-09-30,Navratri
2022-10-01,Navratri
2022-10-02,Navratri
2022-10-03,Navratri
2022-10-04,Navratri
2022-10-05, Dasra
2022-10-06,
2022-10-07,
2022-10-08,Kojagiri Purnima
2022-10-09,eid
2022-10-10,
2022-10-11,
2022-10-12,
2022-10-13,
2022-10-14,
2022-10-15,
2022-10-16,
2022-10-17,
2022-10-18,
2022-10-19,
2022-10-20,
2022-10-21,Vasubaras
2022-10-22,
2022-10-23,
2022-10-24,Lakshmi Puja/ Diwali
2022-10-25,
2022-10-26,Padva / Bhau Beej
2022-10-27,
2022-10-28,
2022-10-29,
2022-10-30,
2022-10-31,
2022-11-01,
2022-11-02,
2022-11-03,
2022-11-04,
2022-11-05,Tulsi Vivah
2022-11-06,
2022-11-07,
2022-11-08,
2022-11-09,
2022-11-10,
2022-11-11,
2022-11-12,
2022-11-13,
2022-11-14,
2022-11-15,
2022-11-16,
2022-11-17,
2022-11-18,
2022-11-19,
2022-11-20,
2022-11-21,
2022-11-22,
2022-11-23,
2022-11-24,
2022-11-25,
2022-11-26,
2022-11-27,
2022-11-28,
2022-11-29,
2022-11-30,
2022-12-01,
2022-12-02,
2022-12-03,
2022-12-04,Kartiki ekadashi
2022-12-05,
2022-12-06,
2022-12-07,Datta jayanti
2022-12-08,
2022-12-09,
2022-12-10,
2022-12-11,
2022-12-12,
2022-12-13,
2022-12-14,
2022-12-15,
2022-12-16,
2022-12-17,
2022-12-18,
2022-12-19,
2022-12-20,
2022-12-21,
2022-12-22,
2022-12-23,
2022-12-24,
2022-12-25,Christmas
2022-12-26,
2022-12-27,
2022-12-28,
2022-12-29,
2022-12-30,
2022-12-31,New Year
2023-01-01,
2023-01-02,
2023-01-03,
2023-01-04,
2023-01-05,
2023-01-06,
2023-01-07,
2023-01-08,
2023-01-09,
2023-01-10,
2023-01-11,
2023-01-12,
2023-01-13,
2023-01-14,Bhogi
2023-01-15,Makara Sankranti
2023-01-16,Kinkarant
2023-01-17,
2023-01-18,
2023-01-19,
2023-01-20,
2023-01-21,
2023-01-22,
2023-01-23,
2023-01-24,
2023-01-25,Ganesha Jayanti
2023-01-26,Republic Day
2023-01-27,
2023-01-28,Rathsaptami
2023-01-29,
2023-01-30,
2023-01-31,
2023-02-01,
2023-02-02,
2023-02-03,
2023-02-04,
2023-02-05,
2023-02-06,
2023-02-07,
2023-02-08,
2023-02-09,
2023-02-10,
2023-02-11,
2023-02-12,
2023-02-13,
2023-02-14,
2023-02-15,
2023-02-16,
2023-02-17,
2023-02-18,Maha Shivaratri
2023-02-19,Shivaji Jayanti
2023-02-20,
2023-02-21,
2023-02-22,
2023-02-23,
2023-02-24,
2023-02-25,
2023-02-26,
2023-02-27,
2023-02-28,
2023-03-01,
2023-03-02,
2023-03-03,
2023-03-04,
2023-03-05,
2023-03-06,Holi (Purnima)
2023-03-07,Dhulivandan
2023-03-08,Womens day
2023-03-09,
2023-03-10,
2023-03-11,
2023-03-12,Ranga Panchami
2023-03-13,
2023-03-14,
2023-03-15,
2023-03-16,
2023-03-17,
2023-03-18,
2023-03-19,
2023-03-20,
2023-03-21,
2023-03-22,Gudi Padwa
2023-03-23,
2023-03-24,
2023-03-25,
2023-03-26,
2023-03-27,
2023-03-28,
2023-03-29,
2023-03-30,Rama Navami 
2023-03-31,
2023-04-01,
2023-04-02,
2023-04-03,
2023-04-04,
2023-04-05,
2023-04-06,Hanuman Jayanti
2023-04-07,
2023-04-08,
2023-04-09,
2023-04-10,
2023-04-11,
2023-04-12,
2023-04-13,
2023-04-14,
2023-04-15,
2023-04-16,
2023-04-17,
2023-04-18,
2023-04-19,
2023-04-20,
2023-04-21,
2023-04-22,Akshaya Tritiya
2023-04-23,
2023-04-24,
2023-04-25,
2023-04-26,
2023-04-27,
2023-04-28,
2023-04-29,
2023-04-30,
2023-05-01,Maharastra din
2023-05-02,
2023-05-03,
2023-05-04,
2023-05-05,
2023-05-06,
2023-05-07,
2023-05-08,
2023-05-09,
2023-05-10,
2023-05-11,
2023-05-12,
2023-05-13,
2023-05-14,
2023-05-15,
2023-05-16,
2023-05-17,
2023-05-18,
2023-05-19,
2023-05-20,
2023-05-21,
2023-05-22,
2023-05-23,
2023-05-24,
2023-05-25,
2023-05-26,
2023-05-27,
2023-05-28,
2023-05-29,
2023-05-30,
2023-05-31,
2023-06-01,
2023-06-02,
2023-06-03,Vat Purnima
2023-06-04,
2023-06-05,
2023-06-06,
2023-06-07,
2023-06-08,
2023-06-09,
2023-06-10,
2023-06-11,
2023-06-12,
2023-06-13,
2023-06-14,
2023-06-15,
2023-06-16,
2023-06-17,
2023-06-18,
2023-06-19,
2023-06-20,
2023-06-21,
2023-06-22,
2023-06-23,
2023-06-24,
2023-06-25,
2023-06-26,
2023-06-27,
2023-06-28,
2023-06-29,Ashadi Ekadashi
2023-06-30,
2023-07-01,
2023-07-02,
2023-07-03,Guru Purnima
2023-07-04,
2023-07-05,
2023-07-06,
2023-07-07,
2023-07-08,
2023-07-09,
2023-07-10,
2023-07-11,
2023-07-12,
2023-07-13,
2023-07-14,
2023-07-15,
2023-07-16,
2023-07-17,
2023-07-18,
2023-07-19,
2023-07-20,
2023-07-21,
2023-07-22,
2023-07-23,
2023-07-24,
2023-07-25,
2023-07-26,
2023-07-27,
2023-07-28,
2023-07-29,
2023-07-30,
2023-07-31,
2023-08-01,
2023-08-02,
2023-08-03,
2023-08-04,
2023-08-05,
2023-08-06,
2023-08-07,
2023-08-08,
2023-08-09,
2023-08-10,
2023-08-11,
2023-08-12,
2023-08-13,
2023-08-14,
2023-08-15,Independence Day
2023-08-16,
2023-08-17,
2023-08-18,
2023-08-19,
2023-08-20,
2023-08-21,Nag Panchami / Shravani somwar
2023-08-22,
2023-08-23,
2023-08-24,
2023-08-25,
2023-08-26,
2023-08-27,
2023-08-28,Shravani somwar
2023-08-29,
2023-08-30,Raksha Bandhan
2023-08-31,
2023-09-01,
2023-09-02,
2023-09-03,
2023-09-04,Shravani somwar
2023-09-05,
2023-09-06,Krishna Janmashtimi
2023-09-07,Krishna Janmashtimi
2023-09-08,
2023-09-09,
2023-09-10,
2023-09-11,Shravani somwar
2023-09-12,
2023-09-13,
2023-09-14,
2023-09-15,
2023-09-16,
2023-09-17,
2023-09-18,Hartalika
2023-09-19,Ganesh Chaturthi
2023-09-20,Ganesh Chaturthi
2023-09-21,Ganesh Chaturthi
2023-09-22,Ganesh Chaturthi
2023-09-23,Gauri Visarjan
2023-09-24,
2023-09-25,
2023-09-26,
2023-09-27,
2023-09-28,Aanat chaturdashi
2023-09-29,
2023-09-30,
2023-10-01,
2023-10-02,
2023-10-03,
2023-10-04,
2023-10-05,
2023-10-06,
2023-10-07,
2023-10-08,
2023-10-09,
2023-10-10,
2023-10-11,
2023-10-12,
2023-10-13,
2023-10-14,
2023-10-15,Navratri
2023-10-16,Navratri
2023-10-17,Navratri
2023-10-18,Navratri
2023-10-19,Navratri
2023-10-20,Navratri
2023-10-21,Navratri
2023-10-22,Navratri
2023-10-23,Navratri
2023-10-24, Dasra
2023-10-25,
2023-10-26,
2023-10-27,Kojagiri Purnima
2023-10-28,
2023-10-29,
2023-10-30,
2023-10-31,
2023-11-01,
2023-11-02,
2023-11-03,
2023-11-04,
2023-11-05,
2023-11-06,
2023-11-07,
2023-11-08,
2023-11-09,Vasubaras
2023-11-10,
2023-11-11,
2023-11-12,Lakshmi Puja/ Diwali
2023-11-13,
2023-11-14,Padva
2023-11-15,Bhau Beej
2023-11-16,
2023-11-17,
2023-11-18,
2023-11-19,
2023-11-20,
2023-11-21,
2023-11-22,
2023-11-23,
2023-11-24,Tulsi Vivah
2023-11-25,
2023-11-26,
2023-11-27,
2023-11-28,
2023-11-29,
2023-11-30,
2023-12-01,
2023-12-02,
2023-12-03,
2023-12-04,
2023-12-05,
2023-12-06,
2023-12-07,
2023-12-08,
2023-12-09,Kartiki ekadashi
2023-12-10,
2023-12-11,
2023-12-12,
2023-12-13,
2023-12-14,
2023-12-15,
2023-12-16,
2023-12-17,
2023-12-18,
2023-12-19,
2023-12-20,
2023-12-21,
2023-12-22,
2023-12-23,
2023-12-24,
2023-12-25,Christmas
2023-12-26,Datta jayanti
2023-12-27,
2023-12-28,
2023-12-29,
2023-12-30,
2023-12-31,New Year
2024-01-01,
2024-01-02,
2024-01-03,
2024-01-04,
2024-01-05,
2024-01-06,
2024-01-07,
2024-01-08,
2024-01-09,
2024-01-10,
2024-01-11,
2024-01-12,
2024-01-13,
2024-01-14,Bhogi
2024-01-15,Makara Sankranti
2024-01-16,Kinkarant
2024-01-17,
2024-01-18,
2024-01-19,
2024-01-20,
2024-01-21,
2024-01-22,
2024-01-23,
2024-01-24,
2024-01-25,
2024-01-26,Republic Day
2024-01-27,
2024-01-28,
2024-01-29,
2024-01-30,
2024-01-31,
2024-02-01,
2024-02-02,
2024-02-03,
2024-02-04,
2024-02-05,
2024-02-06,
2024-02-07,
2024-02-08,
2024-02-09,
2024-02-10,
2024-02-11,
2024-02-12,
2024-02-13,Ganesha Jayanti
2024-02-14,
2024-02-15,
2024-02-16,Rathsaptami
2024-02-17,
2024-02-18,
2024-02-19,Shivaji Jayanti
2024-02-20,
2024-02-21,
2024-02-22,
2024-02-23,
2024-02-24,
2024-02-25,
2024-02-26,
2024-02-27,
2024-02-28,
2024-02-29,
2024-03-01,
2024-03-02,
2024-03-03,
2024-03-04,
2024-03-05,
2024-03-06,
2024-03-07,
2024-03-08,Maha Shivaratri / Womens day
2024-03-09,
2024-03-10,
2024-03-11,
2024-03-12,
2024-03-13,
2024-03-14,
2024-03-15,
2024-03-16,
2024-03-17,
2024-03-18,
2024-03-19,
2024-03-20,
2024-03-21,
2024-03-22,
2024-03-23,
2024-03-24,
2024-03-25,Holi (Purnima)/ Dhulivandan
2024-03-26,
2024-03-27,
2024-03-28,
2024-03-29,
2024-03-30,Ranga Panchami
2024-03-31,
2024-04-01,
2024-04-02,
2024-04-03,
2024-04-04,
2024-04-05,
2024-04-06,
2024-04-07,
2024-04-08,
2024-04-09,Gudi Padwa
2024-04-10,
2024-04-11,
2024-04-12,
2024-04-13,
2024-04-14,
2024-04-15,
2024-04-16,
2024-04-17,Rama Navami 
2024-04-18,
2024-04-19,
2024-04-20,
2024-04-21,
2024-04-22,
2024-04-23,Hanuman Jayanti
2024-04-24,
2024-04-25,
2024-04-26,
2024-04-27,
2024-04-28,
2024-04-29,
2024-04-30,
2024-05-01,Maharastra din
2024-05-02,
2024-05-03,
2024-05-04,
2024-05-05,
2024-05-06,
2024-05-07,
2024-05-08,
2024-05-09,
2024-05-10,Akshaya Tritiya
2024-05-11,
2024-05-12,
2024-05-13,
2024-05-14,
2024-05-15,
2024-05-16,
2024-05-17,
2024-05-18,
2024-05-19,
2024-05-20,
2024-05-21,
2024-05-22,
2024-05-23,
2024-05-24,
2024-05-25,
2024-05-26,
2024-05-27,
2024-05-28,
2024-05-29,
2024-05-30,
2024-05-31,
2024-06-01,
2024-06-02,
2024-06-03,
2024-06-04,
2024-06-05,
2024-06-06,
2024-06-07,
2024-06-08,
2024-06-09,
2024-06-10,
2024-06-11,
2024-06-12,
2024-06-13,
2024-06-14,
2024-06-15,
2024-06-16,
2024-06-17,
2024-06-18,
2024-06-19,
2024-06-20,
2024-06-21,Vat Purnima
2024-06-22,
2024-06-23,
2024-06-24,
2024-06-25,Anagarki Snkashti
2024-06-26,
2024-06-27,
2024-06-28,
2024-06-29,
2024-06-30,
2024-07-01,
2024-07-02,
2024-07-03,
2024-07-04,
2024-07-05,
2024-07-06,
2024-07-07,
2024-07-08,
2024-07-09,
2024-07-10,
2024-07-11,
2024-07-12,
2024-07-13,
2024-07-14,
2024-07-15,
2024-07-16,
2024-07-17,Ashadi Ekadashi
2024-07-18,
2024-07-19,Bendur
2024-07-20,
2024-07-21,Guru Purnima
2024-07-22,
2024-07-23,
2024-07-24,
2024-07-25,
2024-07-26,
2024-07-27,
2024-07-28,
2024-07-29,
2024-07-30,
2024-07-31,
2024-08-01,
2024-08-02,
2024-08-03,
2024-08-04,
2024-08-05,Shravani somwar
2024-08-06,
2024-08-07,
2024-08-08,
2024-08-09,Nag Panchami
2024-08-10,
2024-08-11,
2024-08-12,Shravani somwar
2024-08-13,
2024-08-14,
2024-08-15,Independence Day
2024-08-16,
2024-08-17,
2024-08-18,
2024-08-19,Raksha Bandhan / Shravani somwar
2024-08-20,
2024-08-21,
2024-08-22,
2024-08-23,
2024-08-24,
2024-08-25,
2024-08-26,Shravani somwar / Krishna Janmashtimi
2024-08-27,Krishna Janmashtimi
2024-08-28,
2024-08-29,
2024-08-30,
2024-08-31,
2024-09-01,
2024-09-02,
2024-09-03,
2024-09-04,
2024-09-05,
2024-09-06,Hartalika
2024-09-07,Ganesh Chaturthi
2024-09-08,Ganesh Chaturthi
2024-09-09,Ganesh Chaturthi
2024-09-10,Ganesh Chaturthi
2024-09-11,Ganesh Chaturthi
2024-09-12,Gauri Visarjan
2024-09-13,
2024-09-14,
2024-09-15,
2024-09-16,
2024-09-17,Aanat chaturdashi
2024-09-18,
2024-09-19,
2024-09-20,
2024-09-21,
2024-09-22,
2024-09-23,
2024-09-24,
2024-09-25,
2024-09-26,
2024-09-27,
2024-09-28,
2024-09-29,
2024-09-30,
2024-10-01,
2024-10-02,
2024-10-03,Navratri
2024-10-04,Navratri
2024-10-05,Navratri
2024-10-06,Navratri
2024-10-07,Navratri
2024-10-08,Navratri
2024-10-09,Navratri
2024-10-10,Navratri
2024-10-11,Navratri
2024-10-12, Dasra
2024-10-13,
2024-10-14,
2024-10-15,
2024-10-16,Kojagiri Purnima
2024-10-17,
2024-10-18,
2024-10-19,
2024-10-20,
2024-10-21,
2024-10-22,
2024-10-23,
2024-10-24,
2024-10-25,
2024-10-26,
2024-10-27,
2024-10-28,Vasubaras
2024-10-29,
2024-10-30,
2024-10-31,
2024-11-01,Lakshmi Puja/ Diwali
2024-11-02,Padva
2024-11-03,Bhau Beej
2024-11-04,
2024-11-05,
2024-11-06,
2024-11-07,
2024-11-08,
2024-11-09,
2024-11-10,
2024-11-11,
2024-11-12,
2024-11-13,Tulsi Vivah
2024-11-14,
2024-11-15,
2024-11-16,
2024-11-17,
2024-11-18,
2024-11-19,
2024-11-20,
2024-11-21,
2024-11-22,
2024-11-23,
2024-11-24,
2024-11-25,
2024-11-26,Kartiki ekadashi
2024-11-27,
2024-11-28,
2024-11-29,
2024-11-30,
2024-12-01,
2024-12-02,
2024-12-03,
2024-12-04,
2024-12-05,
2024-12-06,
2024-12-07,
2024-12-08,
2024-12-09,
2024-12-10,
2024-12-11,
2024-12-12,
2024-12-13,
2024-12-14,Datta jayanti
2024-12-15,
2024-12-16,
2024-12-17,
2024-12-18,
2024-12-19,
2024-12-20,
2024-12-21,
2024-12-22,
2024-12-23,
2024-12-24,
2024-12-25,Christmas
2024-12-26,
2024-12-27,
2024-12-28,
2024-12-29,
2024-12-30,
2024-12-31,New Year
